{"cameraMode":{"drawMode":0,"name":"Shaded","section":"Shading Mode"},"sceneLighting":true,"audioPlay":false,"sceneViewState":{"m_AlwaysRefresh":false,"showFog":true,"showSkybox":true,"showFlares":true,"showImageEffects":true,"showParticleSystems":true,"showVisualEffectGraphs":true,"m_FxEnabled":true},"in2DMode":false,"pivot":{"x":1.6805528402328492,"y":-1.8777744770050049,"z":12.073405265808106},"rotation":{"x":-0.1867988556623459,"y":0.11963386088609696,"z":-0.02289038524031639,"w":-0.9748988747596741},"size":10.898137092590332,"orthographic":false}